diagnosis,mean,median,sd,min,max
B,12.14652380952381,12.2,1.7805116461410393,6.981,17.85
M,17.462830188679245,17.325000000000003,3.203971100779367,10.95,28.11
